ip,port
,
196.53.25.250,80
221.1.205.74,8060
5.196.23.219,80
165.225.76.40,10605
165.225.196.74,10605
104.129.196.169,10605
165.225.76.169,10605
112.80.248.73,80
165.225.8.110,10605
165.225.38.94,10605
165.225.206.12,10605
165.225.12.15,10605
165.225.76.79,10605
165.225.20.123,10605
103.216.51.210,8191
,
165.225.20.95,10605
116.196.85.150,3128
27.208.26.210,8060
60.191.11.251,3128
221.232.146.212,808
47.107.174.157,5016
165.225.76.182,10605
165.225.56.16,10605
104.129.196.170,10605
165.225.76.69,10605
165.225.124.85,10605
165.225.88.55,10605
165.225.106.54,10605
165.225.206.79,10605
165.225.94.13,10605
,
165.225.202.111,10605
165.225.92.118,10605
165.225.12.107,10605
165.225.102.50,10605
165.225.26.100,10605
165.225.192.104,10605
165.225.196.61,10605
165.225.240.121,10605
165.225.240.114,10605
165.225.240.94,10605
1.255.48.197,8080
165.225.26.96,10605
165.225.76.64,10605
165.225.32.49,10605
165.225.94.121,10605
,
165.225.32.49,10605
165.225.20.94,10605
165.225.112.78,10605
165.225.10.93,10605
165.225.94.117,10605
165.225.222.103,10605
165.225.77.125,10605
165.225.226.87,10605
165.225.206.86,10605
165.225.200.101,10605
165.225.196.84,10605
165.225.10.114,10605
165.225.12.90,10605
165.225.80.228,10605
165.225.26.86,10605
,
165.225.26.86,10605
165.225.73.20,10605
165.225.94.106,10605
69.162.107.74,5836
165.225.200.100,10605
59.38.222.144,3128
165.225.192.87,10605
104.129.205.3,10605
165.225.210.77,10605
165.225.72.71,10605
59.38.222.254,3128
165.225.204.127,10605
165.225.38.25,10605
165.225.124.118,10605
104.129.196.154,10605
,
165.225.110.93,10605
58.220.95.54,9400
165.225.86.40,10605
165.225.222.91,10605
165.225.50.72,10605
104.129.198.60,10605
165.225.8.100,10605
165.225.26.107,10605
165.225.242.90,10605
165.225.240.113,10605
165.225.210.85,10605
165.225.94.77,10605
165.225.192.83,10605
165.225.94.115,10605
165.225.204.90,10605
,
165.225.112.9,10605
165.225.110.82,10605
165.225.94.113,10605
165.225.206.76,10605
165.225.200.86,10605
118.25.13.185,3128
58.218.239.164,4216
165.225.73.31,10605
165.225.202.87,10605
165.225.10.91,10605
165.225.94.107,10605
112.80.248.18,80
165.225.80.51,10605
111.206.37.100,80
61.135.185.103,80
,
165.225.194.91,10605
210.26.49.89,3128
18.130.89.239,80
165.225.80.56,10605
104.129.200.100,10605
183.232.231.76,80
165.225.80.50,10605
52.77.224.186,80
111.206.37.68,80
89.221.223.234,80
165.225.114.72,10605
165.225.20.14,10605
117.185.16.31,80
185.75.125.70,10605
165.225.104.56,10605
,
104.129.198.164,10605
165.225.10.17,10605
104.129.199.11,10605
118.126.64.81,3128
165.225.114.83,10605
104.129.196.159,10605
165.225.76.70,10605
165.225.114.74,10605
165.225.94.94,10605
165.225.200.78,10605
104.129.198.54,10605
165.225.202.80,10605
163.43.108.114,8080
165.225.116.83,10605
165.225.36.60,10605
,
104.129.198.100,10605
61.135.185.12,80
104.129.205.51,10605
165.225.92.125,10605
165.225.112.74,10605
117.185.17.145,80
165.225.76.51,10605
93.188.167.189,3128
104.129.198.221,10605
104.129.199.5,10605
165.225.92.115,10605
165.225.26.87,10605
180.97.33.249,80
165.225.73.18,10605
165.225.8.101,10605
,
196.52.65.22,80
165.225.94.123,10605
104.129.198.99,10605
165.225.80.214,10605
165.225.76.160,10605
165.225.26.89,10605
165.225.196.58,10605
165.225.26.105,10605
165.225.26.90,10605
165.225.196.79,10605
165.225.94.85,10605
165.225.194.12,10605
165.225.77.128,10605
165.225.66.56,10605
104.129.199.9,10605
,
104.129.199.9,10605
165.225.114.81,10605
165.225.192.92,10605
165.225.73.24,10605
165.225.94.112,10605
165.225.240.107,10605
165.225.240.104,10605
165.225.226.76,10605
165.225.94.93,10605
165.225.202.116,10605
165.225.226.92,10605
39.106.223.134,80
165.225.200.102,10605
61.135.185.156,80
165.225.20.120,10605
,
165.225.20.120,10605
104.129.192.64,10605
165.225.84.51,10605
165.225.8.103,10605
165.225.114.88,10605
165.225.94.111,10605
165.225.12.92,10605
165.225.73.16,10605
165.225.12.16,10605
165.225.206.92,10605
61.135.185.68,80
104.129.200.99,10605
165.225.216.114,10605
123.125.115.183,80
165.225.216.122,10605
,
117.185.16.226,80
165.225.50.9,10605
165.225.200.105,10605
165.225.206.88,10605
165.225.80.216,10605
165.225.192.82,10605
165.225.242.87,10605
180.97.33.66,80
104.129.204.64,10605
165.225.206.123,10605
165.225.10.119,10605
165.225.226.123,10605
165.225.94.102,10605
103.235.46.154,80
61.135.185.38,80
,
165.225.56.62,10605
61.135.185.38,80
165.225.92.114,10605
104.129.204.65,10605
165.225.26.97,10605
165.225.77.124,10605
165.225.20.17,10605
165.225.80.232,10605
165.225.32.64,10605
101.37.118.54,8888
165.225.210.81,10605
165.225.210.109,10605
196.53.25.52,80
165.225.208.97,10605
165.225.194.77,10605
,
165.225.194.77,10605
165.225.26.108,10605
165.225.194.87,10605
165.225.66.32,10605
165.225.208.78,10605
165.225.94.78,10605
165.225.210.102,10605
124.156.177.178,3128
218.75.102.198,8000
165.225.80.85,10605
165.225.80.49,10605
165.225.80.230,10605
165.225.196.90,10605
165.225.196.62,10605
165.225.36.100,10605
,
165.225.76.184,10605
165.225.26.120,10605
165.225.112.89,10605
165.225.202.91,10605
200.73.131.150,80
196.53.25.8,80
196.53.25.214,80
196.54.30.94,80
196.54.30.52,80
41.180.96.182,8080
85.10.219.100,1080
203.19.92.3,80
165.225.34.60,10605
165.225.192.105,10605
165.225.10.90,10605
,
47.112.104.235,80
180.97.33.93,80
52.251.47.125,3128
165.225.124.84,10605
165.225.194.103,10605
165.225.202.108,10605
165.225.12.120,10605
165.225.56.116,10605
165.225.240.101,10605
165.225.88.59,10605
165.225.38.89,10605
104.129.204.255,10605
165.225.34.80,10605
165.225.12.87,10605
165.225.94.97,10605
,
165.225.116.67,10605
165.225.12.87,10605
165.225.240.108,10605
165.225.10.101,10605
165.225.94.79,10605
165.225.196.63,10605
165.225.208.94,10605
104.129.205.14,10605
165.225.8.81,10605
165.225.12.117,10605
165.225.26.115,10605
52.144.76.196,80
165.225.210.86,10605
165.225.94.118,10605
165.225.240.14,10605
,
165.225.240.111,10605
165.225.76.165,10605
111.206.37.161,80
88.99.10.251,1080
196.54.30.105,80
196.53.25.184,80
165.225.8.14,10605
165.225.240.117,10605
165.225.240.123,10605
165.225.208.15,10605
165.225.73.23,10605
165.225.196.16,10605
165.225.192.96,10605
165.225.218.108,10605
12.186.206.86,80
,
165.225.20.104,10605
165.225.242.99,10605
159.12.192.13,10605
163.177.151.224,80
165.225.200.95,10605
165.225.12.97,10605
165.225.10.120,10605
165.225.36.178,10605
165.225.210.80,10605
165.225.196.15,10605
176.9.119.170,3128
165.225.73.15,10605
160.202.145.206,80
165.225.218.81,10605
165.225.192.97,10605
,
138.68.161.14,8080
165.225.102.49,10605
165.225.204.107,10605
165.225.192.89,10605
165.225.208.93,10605
182.72.150.242,8080
165.225.94.84,10605
165.225.94.14,10605
165.225.208.82,10605
165.225.240.96,10605
165.225.192.109,10605
165.225.12.118,10605
180.149.145.132,80
165.225.240.77,10605
165.225.94.98,10605
,
165.225.92.102,10605
103.235.46.121,80
165.225.26.82,10605
165.225.194.109,10605
165.225.38.81,10605
165.225.196.93,10605
202.108.22.5,80
165.225.80.71,10605
165.225.192.75,10605
165.225.208.12,10605
165.225.202.93,10605
165.225.192.101,10605
165.225.226.83,10605
165.225.202.120,10605
165.225.226.121,10605
,
165.225.8.95,10605
104.129.194.109,10605
123.125.114.21,80
123.125.115.249,80
123.125.115.74,80
165.225.34.49,10605
165.225.12.101,10605
165.225.94.80,10605
123.125.114.107,80
165.225.202.112,10605
103.122.164.165,5836
3.10.145.250,80
165.225.8.77,10605
165.225.26.79,10605
165.225.72.64,10605
,
165.225.240.83,10605
165.225.192.94,10605
165.225.26.103,10605
165.225.226.79,10605
165.225.12.12,10605
104.129.196.158,10605
165.225.66.51,10605
165.225.8.114,10605
104.129.192.106,10605
117.185.17.16,80
165.225.214.90,10605
165.225.194.108,10605
104.129.194.114,10605
165.225.34.76,10605
165.225.202.109,10605
,
61.135.185.92,80
165.225.202.115,10605
165.225.8.79,10605
165.225.73.17,10605
165.225.26.114,10605
165.225.112.84,10605
165.225.94.110,10605
165.225.38.97,10605
165.225.8.109,10605
165.225.26.48,10605
165.225.222.115,10605
117.95.135.214,4216
121.8.98.197,80
165.225.38.72,10605
46.4.96.137,8080
,
165.225.38.72,10605
104.129.198.65,10605
165.225.112.10,10605
105.27.238.161,80
165.225.204.113,10605
165.225.204.95,10605
165.225.124.90,10605
165.225.192.99,10605
80.211.45.77,80
191.96.42.80,3128
165.225.56.69,10605
104.129.198.56,10605
165.225.240.85,10605
165.225.204.105,10605
165.225.88.49,10605
,
165.225.204.105,10605
104.129.204.40,10605
165.225.196.101,10605
165.225.26.84,10605
105.27.237.25,80
104.129.200.64,10605
104.129.200.32,10605
165.225.218.100,10605
165.225.204.114,10605
165.225.76.75,10605
165.225.80.60,10605
104.129.196.153,10605
165.225.80.225,10605
180.149.145.160,80
165.225.80.75,10605
,
165.225.20.108,10605
165.225.20.88,10605
165.225.76.85,10605
165.225.84.65,10605
165.225.10.115,10605
165.225.80.84,10605
165.225.194.15,10605
165.225.226.117,10605
165.225.94.100,10605
165.225.20.110,10605
165.225.208.90,10605
165.225.208.115,10605
139.162.78.109,3128
165.225.192.12,10605
165.225.8.105,10605
,
165.225.8.105,10605
165.225.26.99,10605
165.225.38.100,10605
165.225.204.98,10605
165.225.110.77,10605
165.225.56.67,10605
105.27.238.167,80
165.225.200.98,10605
165.225.92.86,10605
104.129.196.66,10605
104.129.192.49,10605
165.225.124.89,10605
165.225.112.82,10605
165.225.124.79,10605
165.225.36.176,10605
,
165.225.124.123,10605
165.225.202.103,10605
165.225.204.106,10605
159.203.61.169,8080
165.225.112.83,10605
219.239.142.253,3128
165.225.218.83,10605
165.225.200.104,10605
165.225.200.82,10605
165.225.76.50,10605
47.112.221.156,3128
165.225.208.92,10605
165.225.216.77,10605
167.71.5.83,8080
188.226.141.61,3128
,
23.97.53.135,44355
165.225.20.93,10605
165.225.202.77,10605
165.225.124.101,10605
104.129.205.40,10605
165.225.240.116,10605
187.130.75.77,3128
165.225.72.59,10605
165.225.204.99,10605
165.225.56.82,10605
165.225.73.29,10605
165.225.94.109,10605
159.12.192.12,10605
165.225.12.84,10605
165.225.210.94,10605
,
104.129.196.101,10605
165.225.110.67,10605
165.225.110.70,10605
165.225.204.123,10605
95.179.128.75,8080
104.129.204.220,10605
165.225.76.76,10605
165.225.8.92,10605
138.68.240.218,3128
165.225.124.119,10605
165.225.210.96,10605
165.225.36.66,10605
165.225.50.52,10605
113.214.13.1,1080
165.225.112.90,10605
,
165.225.73.26,10605
123.125.114.18,80
165.225.194.83,10605
165.225.88.51,10605
51.83.73.129,3128
165.225.34.56,10605
165.225.204.117,10605
165.225.208.100,10605
165.225.32.51,10605
165.225.124.102,10605
138.68.161.14,3128
165.225.124.116,10605
34.64.151.70,3128
165.225.112.67,10605
165.225.124.99,10605
,
165.225.56.50,10605
123.125.115.242,80
165.225.202.94,10605
165.225.94.15,10605
165.225.94.95,10605
180.97.33.92,80
165.225.240.86,10605
165.225.38.91,10605
165.225.76.163,10605
182.61.62.74,80
222.74.202.227,9999
104.129.196.32,10605
165.225.192.76,10605
165.225.8.76,10605
165.225.94.96,10605
,
165.225.12.82,10605
165.225.200.77,10605
61.135.186.243,80
88.198.50.103,3128
165.225.72.80,10605
165.225.8.113,10605
165.225.206.122,10605
104.129.202.125,10605
165.225.12.111,10605
165.225.202.14,10605
165.225.12.114,10605
165.225.12.80,10605
165.225.204.104,10605
165.225.206.100,10605
165.225.222.101,10605
,
165.225.240.95,10605
47.75.161.251,80
165.225.222.110,10605
165.225.36.40,10605
165.225.86.42,10605
165.225.20.122,10605
165.225.10.14,10605
165.225.12.102,10605
165.225.208.83,10605
165.225.56.117,10605
165.225.12.103,10605
165.225.194.101,10605
165.225.116.72,10605
165.225.202.122,10605
165.225.36.61,10605
,
165.225.202.88,10605
165.225.124.83,10605
191.232.167.128,8080
165.225.114.8,10605
165.225.92.106,10605
138.197.157.32,3128
88.150.236.115,3128
165.225.194.89,10605
80.187.140.74,80
104.129.196.60,10605
165.225.242.111,10605
8.129.33.40,3128
165.225.200.106,10605
165.225.8.118,10605
165.225.192.80,10605
,
165.225.206.91,10605
165.225.202.113,10605
165.225.8.74,10605
165.225.88.61,10605
117.185.17.144,80
165.225.102.56,10605
165.225.194.74,10605
165.225.226.95,10605
180.97.33.144,80
180.97.34.35,80
117.185.16.253,80
104.129.196.54,10605
111.206.37.244,80
112.80.255.29,80
112.80.255.51,80
,
180.97.104.170,80
88.198.24.108,8080
112.80.248.95,80
165.225.194.92,10605
165.225.8.111,10605
112.80.248.75,80
165.225.208.109,10605
165.225.56.57,10605
165.225.240.112,10605
165.225.38.92,10605
159.12.192.14,10605
165.225.200.18,10605
165.225.76.32,10605
180.149.145.139,80
180.97.33.218,80
,
165.225.200.103,10605
165.225.216.93,10605
165.225.242.106,10605
165.225.8.120,10605
104.129.204.49,10605
165.225.110.86,10605
165.225.92.107,10605
165.225.66.49,10605
165.225.92.110,10605
44.231.67.49,80
165.225.242.94,10605
165.225.38.32,10605
165.225.92.124,10605
104.129.196.99,10605
165.225.196.103,10605
,
172.105.113.134,3128
165.225.192.84,10605
165.225.240.89,10605
165.225.73.34,10605
165.225.206.106,10605
165.225.80.80,10605
165.225.84.49,10605
61.135.185.176,80
104.129.192.155,10605
114.239.211.238,4216
165.225.12.110,10605
61.135.186.80,80
165.225.206.78,10605
165.225.206.82,10605
61.135.169.121,80
,
165.225.12.113,10605
165.225.124.106,10605
165.225.204.13,10605
165.225.208.84,10605
165.225.76.175,10605
165.225.124.93,10605
165.225.196.12,10605
180.149.144.176,80
61.135.186.222,80
165.225.124.14,10605
165.225.226.119,10605
165.225.80.226,10605
165.225.204.111,10605
165.225.26.121,10605
101.4.136.34,81
,
165.225.204.97,10605
165.225.94.99,10605
165.225.10.78,10605
165.225.194.17,10605
165.225.94.101,10605
165.225.206.97,10605
176.9.75.42,8080
183.232.231.133,80
165.225.202.100,10605
207.154.231.213,3128
165.225.208.96,10605
165.225.72.40,10605
165.225.80.59,10605
165.225.72.60,10605
88.198.24.108,3128
,
165.225.38.98,10605
165.225.226.107,10605
165.225.72.76,10605
165.225.206.108,10605
165.225.86.51,10605
180.149.144.108,80
165.225.208.105,10605
176.9.119.170,8080
165.225.12.116,10605
110.164.253.85,8080
165.225.12.91,10605
165.225.50.24,10605
165.225.56.75,10605
165.225.94.12,10605
183.232.231.239,80
,
165.225.20.86,10605
165.225.194.18,10605
165.225.206.83,10605
165.225.106.61,10605
165.225.192.106,10605
61.252.54.66,3128
180.97.33.212,80
61.135.185.20,80
61.135.185.78,80
104.129.199.12,10605
165.225.80.69,10605
165.225.94.92,10605
163.125.255.172,9797
165.225.196.66,10605
165.225.80.237,10605
,
220.181.111.37,80
36.103.223.96,3128
61.135.185.153,80
165.225.196.78,10605
165.225.80.224,10605
165.225.104.41,10605
165.225.12.96,10605
165.225.76.178,10605
165.225.77.134,10605
165.225.8.106,10605
165.225.116.75,10605
165.225.94.89,10605
165.225.196.100,10605
165.225.204.108,10605
165.225.194.102,10605
,
104.129.205.49,10605
165.225.242.105,10605
165.225.80.76,10605
88.198.50.103,8080
185.75.124.70,10605
165.225.35.55,10605
165.225.84.50,10605
211.142.214.221,1080
46.241.120.230,32412
165.225.8.86,10605
203.19.88.59,80
49.231.205.153,80
165.225.222.86,10605
148.251.153.226,3128
5.128.54.68,8080
,
134.122.63.138,80
196.53.25.37,80
183.89.63.31,8080
196.53.25.146,80
47.88.7.18,8088
108.74.113.180,80
165.225.20.87,10605
104.129.196.65,10605
165.225.38.30,10605
165.225.56.118,10605
104.129.196.161,10605
165.225.216.78,10605
165.225.77.131,10605
104.129.192.61,10605
165.225.194.96,10605
,
165.225.202.101,10605
165.225.72.56,10605
165.225.84.61,10605
165.225.222.16,10605
165.225.26.112,10605
165.225.38.71,10605
165.225.26.98,10605
104.129.194.54,10605
165.225.66.54,10605
104.129.194.55,10605
104.129.205.15,10605
165.225.32.50,10605
165.225.94.91,10605
104.129.198.220,10605
165.225.216.101,10605
,
151.80.148.71,3128
165.225.192.74,10605
165.225.36.32,10605
61.135.185.160,80
165.225.110.69,10605
165.225.210.88,10605
185.75.124.91,10605
165.225.104.65,10605
207.154.231.213,8080
165.225.210.12,10605
165.225.26.117,10605
104.129.195.17,10605
165.225.10.82,10605
165.225.200.107,10605
165.225.194.99,10605
,
165.225.204.109,10605
163.177.151.76,80
165.225.56.64,10605
165.225.92.112,10605
104.129.192.56,10605
165.225.110.75,10605
165.225.204.110,10605
165.225.10.109,10605
113.100.209.220,3128
123.125.115.192,80
159.138.20.247,80
165.225.242.97,10605
165.225.112.76,10605
165.225.80.236,10605
202.108.23.174,80
,
159.138.20.247,80
165.225.242.97,10605
165.225.112.76,10605
165.225.80.236,10605
202.108.23.174,80
104.129.196.105,10605
123.125.115.165,80
165.225.114.78,10605
165.225.34.64,10605
165.225.72.79,10605
165.225.204.94,10605
165.225.34.40,10605
165.225.80.229,10605
165.225.194.98,10605
165.225.204.83,10605
,
165.225.204.83,10605
165.225.26.116,10605
61.135.185.172,80
104.129.204.51,10605
117.185.17.177,80
165.225.8.102,10605
34.245.226.55,80
165.225.92.82,10605
165.225.38.87,10605
165.225.72.85,10605
165.225.92.108,10605
180.97.33.78,80
165.225.194.100,10605
165.225.194.16,10605
165.225.88.60,10605
,
165.225.88.60,10605
165.225.116.77,10605
104.129.192.66,10605
165.225.226.108,10605
165.225.94.87,10605
165.225.76.54,10605
165.225.206.87,10605
104.129.192.179,10605
165.225.200.75,10605
165.225.66.50,10605
165.225.192.107,10605
104.129.196.165,10605
165.225.240.99,10605
165.225.76.66,10605
104.129.196.162,10605
,
104.129.196.162,10605
165.225.76.164,10605
165.225.10.80,10605
165.225.106.60,10605
165.225.194.76,10605
165.225.240.102,10605
165.225.73.22,10605
52.144.76.195,80
165.225.8.88,10605
105.27.237.27,80
165.225.94.120,10605
221.232.146.211,808
105.27.238.163,80
165.225.8.15,10605
139.217.110.76,3128
,
105.27.238.163,80
165.225.8.15,10605
139.217.110.76,3128
165.225.124.110,10605
206.189.229.10,3128
165.225.38.77,10605
42.113.52.21,8080
165.225.204.126,10605
165.225.73.27,10605
165.225.200.87,10605
165.225.114.76,10605
165.225.88.64,10605
165.225.240.87,10605
165.225.56.49,10605
165.225.20.113,10605
,
165.225.114.76,10605
165.225.88.64,10605
165.225.240.87,10605
165.225.56.49,10605
165.225.20.113,10605
165.225.202.16,10605
165.225.124.113,10605
165.225.36.56,10605
165.225.8.117,10605
165.225.242.123,10605
165.225.26.111,10605
165.225.104.61,10605
165.225.192.100,10605
165.225.192.108,10605
165.225.8.87,10605
,
165.225.192.100,10605
165.225.192.108,10605
165.225.8.87,10605
165.225.124.92,10605
165.225.240.80,10605
165.225.114.85,10605
165.225.204.128,10605
165.225.26.81,10605
165.225.208.120,10605
165.225.10.106,10605
165.225.26.101,10605
165.225.26.118,10605
165.225.218.107,10605
165.225.38.93,10605
47.100.171.38,8080
,
47.100.171.38,8080
61.135.185.152,80
165.225.34.84,10605
165.225.204.88,10605
61.135.185.112,80
117.95.133.202,4216
165.225.204.121,10605
165.225.56.80,10605
165.225.106.55,10605
165.225.20.84,10605
165.225.204.84,10605
165.225.66.55,10605
104.129.194.113,10605
165.225.72.61,10605
165.225.20.78,10605
,
165.225.20.78,10605
165.225.76.60,10605
165.225.200.92,10605
165.225.226.78,10605
165.225.36.51,10605
191.96.42.80,8080
104.129.205.11,10605
165.225.208.91,10605
165.225.240.110,10605
165.225.10.86,10605
165.225.20.119,10605
165.225.208.104,10605
104.129.198.104,10605
165.225.240.82,10605
165.225.242.100,10605
,
104.129.198.104,10605
165.225.240.82,10605
165.225.242.100,10605
165.225.72.65,10605
180.149.144.199,80
180.149.144.223,80
128.199.189.183,8080
165.225.12.98,10605
165.225.8.75,10605
165.225.86.55,10605
165.225.206.17,10605
165.225.38.76,10605
165.225.56.124,10605
165.225.192.79,10605
104.129.204.104,10605
,
165.225.56.124,10605
165.225.192.79,10605
104.129.204.104,10605
165.225.10.94,10605
165.225.206.114,10605
165.225.12.85,10605
165.225.210.16,10605
103.105.49.53,80
165.225.204.93,10605
165.225.56.121,10605
167.71.5.83,3128
218.59.139.238,80
165.225.92.99,10605
165.225.102.51,10605
31.3.245.21,80
,
165.225.102.51,10605
31.3.245.21,80
165.225.112.72,10605
165.225.206.101,10605
180.97.104.97,80
203.202.245.58,80
165.225.76.65,10605
95.217.120.170,8888
165.225.12.83,10605
196.52.80.206,80
165.225.76.177,10605
188.165.16.230,3129
165.225.76.162,10605
196.52.58.159,80
165.225.84.59,10605
,
188.165.16.230,3129
165.225.76.162,10605
196.52.58.159,80
165.225.84.59,10605
59.124.224.180,3128
165.225.208.77,10605
3.211.17.212,80
119.46.68.228,10605
123.125.115.219,80
165.225.206.109,10605
165.225.56.55,10605
180.97.33.94,80
139.162.78.109,8080
165.225.208.122,10605
165.225.8.112,10605
,
165.225.8.112,10605
104.129.196.104,10605
165.225.112.91,10605
165.225.12.106,10605
165.225.194.85,10605
165.225.192.78,10605
165.225.112.71,10605
165.225.88.66,10605
165.225.194.95,10605
176.9.75.42,3128
104.129.200.49,10605
165.225.124.77,10605
180.126.100.70,8118
104.129.198.224,10605
123.56.161.63,80
,
176.9.75.42,3128
104.129.200.49,10605
165.225.124.77,10605
180.126.100.70,8118
104.129.198.224,10605
123.56.161.63,80
165.225.206.93,10605
165.225.72.49,10605
165.225.240.17,10605
165.225.196.96,10605
165.225.26.85,10605
165.225.226.103,10605
165.225.240.106,10605
165.225.34.70,10605
165.225.124.97,10605
,
165.225.34.70,10605
165.225.124.97,10605
104.129.194.60,10605
123.125.115.215,80
165.225.202.118,10605
104.129.192.101,10605
165.225.10.97,10605
165.225.210.83,10605
80.241.222.138,80
165.225.200.94,10605
104.129.192.65,10605
165.225.112.69,10605
165.225.192.86,10605
51.89.32.83,3128
165.225.112.81,10605
,
51.89.32.83,3128
165.225.112.81,10605
165.225.194.80,10605
165.225.76.181,10605
165.225.8.83,10605
61.135.185.31,80
165.225.202.12,10605
61.135.185.118,80
165.225.202.102,10605
165.225.72.51,10605
165.225.88.56,10605
165.225.194.105,10605
165.225.194.79,10605
165.225.202.17,10605
165.225.204.16,10605
,
165.225.194.79,10605
165.225.202.17,10605
165.225.204.16,10605
222.193.28.4,80
104.129.204.55,10605
180.149.144.224,80
61.135.185.69,80
118.163.83.21,3128
165.225.206.118,10605
165.225.73.32,10605
165.225.12.100,10605
104.129.194.59,10605
104.129.198.226,10605
105.27.238.166,80
165.225.94.103,10605
,
165.225.94.103,10605
117.185.17.151,80
165.225.110.81,10605
47.98.162.91,6666
165.225.73.25,10605
165.225.88.50,10605
165.225.92.90,10605
104.129.198.211,10605
165.225.194.86,10605
165.225.112.77,10605
165.225.192.103,10605
165.225.192.85,10605
165.225.50.25,10605
165.225.210.87,10605
165.225.72.55,10605
,
165.225.192.85,10605
165.225.50.25,10605
165.225.210.87,10605
165.225.72.55,10605
165.225.73.33,10605
165.225.12.86,10605
165.225.200.17,10605
165.225.202.78,10605
206.189.150.237,3128
165.225.192.102,10605
165.225.32.56,10605
165.225.38.83,10605
165.225.8.121,10605
111.206.37.248,80
165.225.10.121,10605
,
111.206.37.248,80
165.225.10.121,10605
165.225.204.87,10605
165.225.36.50,10605
165.225.38.68,10605
61.135.185.111,80
165.225.242.98,10605
165.225.76.61,10605
165.225.56.60,10605
104.129.204.59,10605
165.225.38.79,10605
165.225.72.66,10605
165.225.210.91,10605
165.225.222.112,10605
165.225.240.93,10605
,
165.225.222.112,10605
165.225.240.93,10605
165.225.12.109,10605
165.225.86.61,10605
165.225.210.78,10605
165.225.106.65,10605
165.225.202.85,10605
165.225.50.59,10605
165.225.20.82,10605
165.225.72.74,10605
165.225.20.83,10605
165.225.20.92,10605
104.129.196.100,10605
165.225.10.116,10605
46.4.96.137,3128
,
165.225.20.92,10605
104.129.196.100,10605
165.225.10.116,10605
46.4.96.137,3128
139.217.119.235,3128
165.225.26.78,10605
165.225.38.69,10605
196.52.65.181,80
165.225.102.54,10605
165.225.194.90,10605
104.129.192.100,10605
165.225.116.89,10605
117.185.17.17,80
165.225.32.59,10605
165.225.94.104,10605
,
104.129.192.100,10605
165.225.116.89,10605
117.185.17.17,80
165.225.32.59,10605
165.225.94.104,10605
104.129.192.59,10605
165.225.12.123,10605
102.129.249.120,8080
165.225.114.79,10605
165.225.72.81,10605
165.225.73.30,10605
102.129.249.120,3128
104.129.202.132,10605
111.13.100.91,80
183.232.232.69,80
,
104.129.202.132,10605
111.13.100.91,80
183.232.232.69,80
183.89.26.76,8080
165.225.204.119,10605
180.121.129.131,8888
183.89.8.43,8080
182.253.170.229,8080
104.129.205.48,10605
165.225.76.56,10605
165.225.80.79,10605
165.225.196.102,10605
165.225.20.103,10605
165.225.76.74,10605
180.254.183.42,8080
,
47.110.239.44,80
202.109.157.63,9000
220.249.149.214,9999
165.225.240.100,10605
165.225.77.129,10605
165.225.76.84,10605
165.225.196.92,10605
165.225.20.89,10605
